{"resources":[{"@type":"Symfony\\Component\\Config\\Resource\\FileResource","resource":"C:\\Users\\admin\\Documents\\web\\basic\\MIJERCA\\mijerca-event-api\\vendor\\composer\\installed.json"},{"@type":"Symfony\\Component\\Config\\Resource\\FileResource","resource":"C:\\Users\\admin\\Documents\\web\\basic\\MIJERCA\\mijerca-event-api\\src\\Kernel.php"},{"@type":"Symfony\\Component\\Config\\Resource\\ClassExistenceResource","resource":"Symfony\\Component\\Translation\\DependencyInjection\\DataCollectorTranslatorPass","exists":[false,null]},{"@type":"Symfony\\Component\\Config\\Resource\\ClassExistenceResource","resource":"Symfony\\Component\\Translation\\DependencyInjection\\TranslatorPass","exists":[false,null]},{"@type":"Symfony\\Component\\Config\\Resource\\ClassExistenceResource","resource":"Symfony\\Component\\Translation\\DependencyInjection\\TranslatorPathsPass","exists":[false,null]},{"@type":"Symfony\\Component\\Config\\Resource\\ClassExistenceResource","resource":"Symfony\\Component\\Translation\\DependencyInjection\\LoggingTranslatorPass","exists":[false,null]},{"@type":"Symfony\\Component\\Config\\Resource\\ClassExistenceResource","resource":"Symfony\\Component\\Translation\\DependencyInjection\\TranslationExtractorPass","exists":[false,null]},{"@type":"Symfony\\Component\\Config\\Resource\\ClassExistenceResource","resource":"Symfony\\Component\\Translation\\DependencyInjection\\TranslationDumperPass","exists":[false,null]},{"@type":"Symfony\\Component\\Config\\Resource\\ClassExistenceResource","resource":"Symfony\\Component\\Form\\DependencyInjection\\FormPass","exists":[false,null]},{"@type":"Symfony\\Component\\Config\\Resource\\ClassExistenceResource","resource":"Symfony\\Component\\Workflow\\DependencyInjection\\WorkflowGuardListenerPass","exists":[false,null]},{"@type":"Symfony\\Component\\Config\\Resource\\ClassExistenceResource","resource":"Symfony\\Component\\Workflow\\DependencyInjection\\WorkflowValidatorPass","exists":[false,null]},{"@type":"Symfony\\Component\\Config\\Resource\\ClassExistenceResource","resource":"Symfony\\Component\\Mime\\DependencyInjection\\AddMimeTypeGuesserPass","exists":[false,null]},{"@type":"Symfony\\Component\\Config\\Resource\\ClassExistenceResource","resource":"Symfony\\Component\\Scheduler\\DependencyInjection\\AddScheduleMessengerPass","exists":[false,null]},{"@type":"Symfony\\Component\\Config\\Resource\\ClassExistenceResource","resource":"Symfony\\Component\\Messenger\\DependencyInjection\\MessengerPass","exists":[false,null]},{"@type":"Symfony\\Component\\Config\\Resource\\ClassExistenceResource","resource":"Symfony\\Component\\HttpClient\\DependencyInjection\\HttpClientPass","exists":[false,null]},{"@type":"Symfony\\Component\\Config\\Resource\\ClassExistenceResource","resource":"Symfony\\Component\\JsonStreamer\\DependencyInjection\\StreamablePass","exists":[false,null]},{"@type":"Symfony\\Component\\Config\\Resource\\FileResource","resource":"C:\\Users\\admin\\Documents\\web\\basic\\MIJERCA\\mijerca-event-api\\config\\bundles.php"},{"@type":"Symfony\\Component\\Config\\Resource\\FileResource","resource":"C:\\Users\\admin\\Documents\\web\\basic\\MIJERCA\\mijerca-event-api\\config\\packages\\api_platform.yaml"},{"@type":"Symfony\\Component\\Config\\Resource\\FileResource","resource":"C:\\Users\\admin\\Documents\\web\\basic\\MIJERCA\\mijerca-event-api\\config\\packages\\cache.yaml"},{"@type":"Symfony\\Component\\Config\\Resource\\FileResource","resource":"C:\\Users\\admin\\Documents\\web\\basic\\MIJERCA\\mijerca-event-api\\config\\packages\\doctrine.yaml"},{"@type":"Symfony\\Component\\Config\\Resource\\FileResource","resource":"C:\\Users\\admin\\Documents\\web\\basic\\MIJERCA\\mijerca-event-api\\config\\packages\\doctrine_migrations.yaml"},{"@type":"Symfony\\Component\\Config\\Resource\\FileResource","resource":"C:\\Users\\admin\\Documents\\web\\basic\\MIJERCA\\mijerca-event-api\\config\\packages\\framework.yaml"},{"@type":"Symfony\\Component\\Config\\Resource\\FileResource","resource":"C:\\Users\\admin\\Documents\\web\\basic\\MIJERCA\\mijerca-event-api\\config\\packages\\lexik_jwt_authentication.yaml"},{"@type":"Symfony\\Component\\Config\\Resource\\FileResource","resource":"C:\\Users\\admin\\Documents\\web\\basic\\MIJERCA\\mijerca-event-api\\config\\packages\\nelmio_cors.yaml"},{"@type":"Symfony\\Component\\Config\\Resource\\FileResource","resource":"C:\\Users\\admin\\Documents\\web\\basic\\MIJERCA\\mijerca-event-api\\config\\packages\\property_info.yaml"},{"@type":"Symfony\\Component\\Config\\Resource\\FileResource","resource":"C:\\Users\\admin\\Documents\\web\\basic\\MIJERCA\\mijerca-event-api\\config\\packages\\routing.yaml"},{"@type":"Symfony\\Component\\Config\\Resource\\FileResource","resource":"C:\\Users\\admin\\Documents\\web\\basic\\MIJERCA\\mijerca-event-api\\config\\packages\\security.yaml"},{"@type":"Symfony\\Component\\Config\\Resource\\FileResource","resource":"C:\\Users\\admin\\Documents\\web\\basic\\MIJERCA\\mijerca-event-api\\config\\packages\\twig.yaml"},{"@type":"Symfony\\Component\\Config\\Resource\\FileResource","resource":"C:\\Users\\admin\\Documents\\web\\basic\\MIJERCA\\mijerca-event-api\\config\\packages\\validator.yaml"},{"@type":"Symfony\\Component\\Config\\Resource\\FileResource","resource":"C:\\Users\\admin\\Documents\\web\\basic\\MIJERCA\\mijerca-event-api\\config\\services.yaml"},{"@type":"Symfony\\Component\\Config\\Resource\\ReflectionClassResource","files":{"C:\\Users\\admin\\Documents\\web\\basic\\MIJERCA\\mijerca-event-api\\src\\Controller\\LoginController.php":null},"className":"App\\Controller\\LoginController","hash":"8e0ca205993c0757ab9e3c40a88412f3"},{"@type":"Symfony\\Component\\Config\\Resource\\ReflectionClassResource","files":{"C:\\Users\\admin\\Documents\\web\\basic\\MIJERCA\\mijerca-event-api\\src\\Controller\\SseController.php":null},"className":"App\\Controller\\SseController","hash":"08966ecfa1128c662b6fc7eddae9496a"},{"@type":"Symfony\\Component\\Config\\Resource\\ReflectionClassResource","files":{"C:\\Users\\admin\\Documents\\web\\basic\\MIJERCA\\mijerca-event-api\\src\\Controller\\UploadController.php":null},"className":"App\\Controller\\UploadController","hash":"7e5b1ddf81a370ec55183851037ba042"},{"@type":"Symfony\\Component\\Config\\Resource\\ReflectionClassResource","files":{"C:\\Users\\admin\\Documents\\web\\basic\\MIJERCA\\mijerca-event-api\\src\\Entity\\Administration.php":null},"className":"App\\Entity\\Administration","hash":"213a3b254ab3dbf6013a0d4eae846a9b"},{"@type":"Symfony\\Component\\Config\\Resource\\ReflectionClassResource","files":{"C:\\Users\\admin\\Documents\\web\\basic\\MIJERCA\\mijerca-event-api\\src\\Entity\\CampBiblique.php":null},"className":"App\\Entity\\CampBiblique","hash":"2f4154bb5feec2f00f78ce6cc0bc7591"},{"@type":"Symfony\\Component\\Config\\Resource\\ReflectionClassResource","files":{"C:\\Users\\admin\\Documents\\web\\basic\\MIJERCA\\mijerca-event-api\\src\\Entity\\Cost.php":null},"className":"App\\Entity\\Cost","hash":"184abd7490dea57df78bc995d77ea6d6"},{"@type":"Symfony\\Component\\Config\\Resource\\ReflectionClassResource","files":{"C:\\Users\\admin\\Documents\\web\\basic\\MIJERCA\\mijerca-event-api\\src\\Entity\\Doyenne.php":null},"className":"App\\Entity\\Doyenne","hash":"a586b14360d47e3c0f3548de677f70f3"},{"@type":"Symfony\\Component\\Config\\Resource\\ReflectionClassResource","files":{"C:\\Users\\admin\\Documents\\web\\basic\\MIJERCA\\mijerca-event-api\\src\\Entity\\Finance.php":null},"className":"App\\Entity\\Finance","hash":"1f9dbc7d119898cfcdf2ca8b05bfd908"},{"@type":"Symfony\\Component\\Config\\Resource\\ReflectionClassResource","files":{"C:\\Users\\admin\\Documents\\web\\basic\\MIJERCA\\mijerca-event-api\\src\\Entity\\Hebergement.php":null},"className":"App\\Entity\\Hebergement","hash":"960568efe730edb7f1daa3f3c3dd7e93"},{"@type":"Symfony\\Component\\Config\\Resource\\ReflectionClassResource","files":{"C:\\Users\\admin\\Documents\\web\\basic\\MIJERCA\\mijerca-event-api\\src\\Entity\\Informatique.php":null},"className":"App\\Entity\\Informatique","hash":"83d88795cec756fe9facbca42899c15a"},{"@type":"Symfony\\Component\\Config\\Resource\\ReflectionClassResource","files":{"C:\\Users\\admin\\Documents\\web\\basic\\MIJERCA\\mijerca-event-api\\src\\Entity\\Logistic.php":null},"className":"App\\Entity\\Logistic","hash":"9b69b76f704ba63ed86acc9a1ec2428b"},{"@type":"Symfony\\Component\\Config\\Resource\\ReflectionClassResource","files":{"C:\\Users\\admin\\Documents\\web\\basic\\MIJERCA\\mijerca-event-api\\src\\Entity\\Montant.php":null},"className":"App\\Entity\\Montant","hash":"5434b4a7a7b9ad8cb86f00c612c976fe"},{"@type":"Symfony\\Component\\Config\\Resource\\ReflectionClassResource","files":{"C:\\Users\\admin\\Documents\\web\\basic\\MIJERCA\\mijerca-event-api\\src\\Entity\\Paroisse.php":null},"className":"App\\Entity\\Paroisse","hash":"66e9bc4d40f0a686af761f8f06ebe4a0"},{"@type":"Symfony\\Component\\Config\\Resource\\ReflectionClassResource","files":{"C:\\Users\\admin\\Documents\\web\\basic\\MIJERCA\\mijerca-event-api\\src\\Entity\\Participator.php":null},"className":"App\\Entity\\Participator","hash":"8946885438472aebd646eb1c363df2f0"},{"@type":"Symfony\\Component\\Config\\Resource\\ReflectionClassResource","files":{"C:\\Users\\admin\\Documents\\web\\basic\\MIJERCA\\mijerca-event-api\\src\\Entity\\Person.php":null},"className":"App\\Entity\\Person","hash":"a86ca23730bef9df33fe09cc0a824c00"},{"@type":"Symfony\\Component\\Config\\Resource\\ReflectionClassResource","files":{"C:\\Users\\admin\\Documents\\web\\basic\\MIJERCA\\mijerca-event-api\\src\\Entity\\Removal.php":null},"className":"App\\Entity\\Removal","hash":"22a2336cc7f4a82f48a9b28219921610"},{"@type":"Symfony\\Component\\Config\\Resource\\ReflectionClassResource","files":{"C:\\Users\\admin\\Documents\\web\\basic\\MIJERCA\\mijerca-event-api\\src\\Entity\\Sector.php":null},"className":"App\\Entity\\Sector","hash":"898fa9c9b2e44a7b6fa95c235146b50e"},{"@type":"Symfony\\Component\\Config\\Resource\\ReflectionClassResource","files":{"C:\\Users\\admin\\Documents\\web\\basic\\MIJERCA\\mijerca-event-api\\src\\Entity\\User.php":null},"className":"App\\Entity\\User","hash":"abb76cfcd55937ca55e3a62519470eaf"},{"@type":"Symfony\\Component\\Config\\Resource\\ReflectionClassResource","files":{"C:\\Users\\admin\\Documents\\web\\basic\\MIJERCA\\mijerca-event-api\\src\\EventListener\\UserPasswordHasher.php":null},"className":"App\\EventListener\\UserPasswordHasher","hash":"f95be7b3e52a48864285e18eee4dcb09"},{"@type":"Symfony\\Component\\Config\\Resource\\ReflectionClassResource","files":{"C:\\Users\\admin\\Documents\\web\\basic\\MIJERCA\\mijerca-event-api\\src\\Kernel.php":null},"className":"App\\Kernel","hash":"a660e8cd6fd13ae08b18f1c88172baf6"},{"@type":"Symfony\\Component\\Config\\Resource\\ReflectionClassResource","files":{"C:\\Users\\admin\\Documents\\web\\basic\\MIJERCA\\mijerca-event-api\\src\\Repository\\AdministrationRepository.php":null},"className":"App\\Repository\\AdministrationRepository","hash":"f26213c0dd9541e007a762e1bfd7f7fb"},{"@type":"Symfony\\Component\\Config\\Resource\\ReflectionClassResource","files":{"C:\\Users\\admin\\Documents\\web\\basic\\MIJERCA\\mijerca-event-api\\src\\Repository\\CampBibliqueRepository.php":null},"className":"App\\Repository\\CampBibliqueRepository","hash":"eef3047e4a70c43bed92eb8d3af97eb6"},{"@type":"Symfony\\Component\\Config\\Resource\\ReflectionClassResource","files":{"C:\\Users\\admin\\Documents\\web\\basic\\MIJERCA\\mijerca-event-api\\src\\Repository\\CostRepository.php":null},"className":"App\\Repository\\CostRepository","hash":"4e272ab672fcf0a2754aeca11f115b22"},{"@type":"Symfony\\Component\\Config\\Resource\\ReflectionClassResource","files":{"C:\\Users\\admin\\Documents\\web\\basic\\MIJERCA\\mijerca-event-api\\src\\Repository\\DoyenneRepository.php":null},"className":"App\\Repository\\DoyenneRepository","hash":"03a04c24a0cab6128519b4d456be6559"},{"@type":"Symfony\\Component\\Config\\Resource\\ReflectionClassResource","files":{"C:\\Users\\admin\\Documents\\web\\basic\\MIJERCA\\mijerca-event-api\\src\\Repository\\FinanceRepository.php":null},"className":"App\\Repository\\FinanceRepository","hash":"dca5291040937f13858ad61950769a22"},{"@type":"Symfony\\Component\\Config\\Resource\\ReflectionClassResource","files":{"C:\\Users\\admin\\Documents\\web\\basic\\MIJERCA\\mijerca-event-api\\src\\Repository\\HebergementRepository.php":null},"className":"App\\Repository\\HebergementRepository","hash":"0aeae70f697705f74dad691126a03a3d"},{"@type":"Symfony\\Component\\Config\\Resource\\ReflectionClassResource","files":{"C:\\Users\\admin\\Documents\\web\\basic\\MIJERCA\\mijerca-event-api\\src\\Repository\\InformatiqueRepository.php":null},"className":"App\\Repository\\InformatiqueRepository","hash":"2711f997b0ee1013020676ae417b33ec"},{"@type":"Symfony\\Component\\Config\\Resource\\ReflectionClassResource","files":{"C:\\Users\\admin\\Documents\\web\\basic\\MIJERCA\\mijerca-event-api\\src\\Repository\\LogisticRepository.php":null},"className":"App\\Repository\\LogisticRepository","hash":"100f5a8ecbdc6a0f44f0f6fb288d9266"},{"@type":"Symfony\\Component\\Config\\Resource\\ReflectionClassResource","files":{"C:\\Users\\admin\\Documents\\web\\basic\\MIJERCA\\mijerca-event-api\\src\\Repository\\MontantRepository.php":null},"className":"App\\Repository\\MontantRepository","hash":"0ed755e0c6d766050d9d1e395f802cd3"},{"@type":"Symfony\\Component\\Config\\Resource\\ReflectionClassResource","files":{"C:\\Users\\admin\\Documents\\web\\basic\\MIJERCA\\mijerca-event-api\\src\\Repository\\ParoisseRepository.php":null},"className":"App\\Repository\\ParoisseRepository","hash":"ee96189fe4a01165801ff3f989d30535"},{"@type":"Symfony\\Component\\Config\\Resource\\ReflectionClassResource","files":{"C:\\Users\\admin\\Documents\\web\\basic\\MIJERCA\\mijerca-event-api\\src\\Repository\\ParticipatorRepository.php":null},"className":"App\\Repository\\ParticipatorRepository","hash":"689d4f50a3737bfc0b2e8281347d063c"},{"@type":"Symfony\\Component\\Config\\Resource\\ReflectionClassResource","files":{"C:\\Users\\admin\\Documents\\web\\basic\\MIJERCA\\mijerca-event-api\\src\\Repository\\PersonRepository.php":null},"className":"App\\Repository\\PersonRepository","hash":"00732e46fca1e1b27a794525b6332a72"},{"@type":"Symfony\\Component\\Config\\Resource\\ReflectionClassResource","files":{"C:\\Users\\admin\\Documents\\web\\basic\\MIJERCA\\mijerca-event-api\\src\\Repository\\RemovalRepository.php":null},"className":"App\\Repository\\RemovalRepository","hash":"27a73fb184c0ccfb61aea10fcd038db5"},{"@type":"Symfony\\Component\\Config\\Resource\\ReflectionClassResource","files":{"C:\\Users\\admin\\Documents\\web\\basic\\MIJERCA\\mijerca-event-api\\src\\Repository\\SectorRepository.php":null},"className":"App\\Repository\\SectorRepository","hash":"590771dd8574066521f41c366f1a2d98"},{"@type":"Symfony\\Component\\Config\\Resource\\ReflectionClassResource","files":{"C:\\Users\\admin\\Documents\\web\\basic\\MIJERCA\\mijerca-event-api\\src\\Repository\\UserRepository.php":null},"className":"App\\Repository\\UserRepository","hash":"d519e549d6c3d2edf1a62f38d172fa15"},{"@type":"Symfony\\Component\\Config\\Resource\\ReflectionClassResource","files":{"C:\\Users\\admin\\Documents\\web\\basic\\MIJERCA\\mijerca-event-api\\src\\Service\\SseService.php":null},"className":"App\\Service\\SseService","hash":"4a00fa4c257945391789da6236283bdd"},{"@type":"Symfony\\Component\\Config\\Resource\\GlobResource","prefix":"C:\\Users\\admin\\Documents\\web\\basic\\MIJERCA\\mijerca-event-api\\src","pattern":"","recursive":true,"hash":"0f4983b75d74f9ea63dfb91c043ddbf6","forExclusion":false,"excludedPrefixes":[]},{"@type":"Symfony\\Component\\Config\\Resource\\FileExistenceResource","exists":false,"resource":"C:\\Users\\admin\\Documents\\web\\basic\\MIJERCA\\mijerca-event-api/config/serializer"},{"@type":"Symfony\\Component\\Config\\Resource\\FileExistenceResource","exists":false,"resource":"C:\\Users\\admin\\Documents\\web\\basic\\MIJERCA\\mijerca-event-api/config/validator"},{"@type":"Symfony\\Component\\Config\\Resource\\FileExistenceResource","exists":false,"resource":"C:\\Users\\admin\\Documents\\web\\basic\\MIJERCA\\mijerca-event-api/templates/bundles/FrameworkBundle"},{"@type":"Symfony\\Component\\Config\\Resource\\FileExistenceResource","exists":false,"resource":"C:\\Users\\admin\\Documents\\web\\basic\\MIJERCA\\mijerca-event-api/templates/bundles/TwigBundle"},{"@type":"Symfony\\Component\\Config\\Resource\\FileExistenceResource","exists":false,"resource":"C:\\Users\\admin\\Documents\\web\\basic\\MIJERCA\\mijerca-event-api/templates/bundles/SecurityBundle"},{"@type":"Symfony\\Component\\Config\\Resource\\FileExistenceResource","exists":false,"resource":"C:\\Users\\admin\\Documents\\web\\basic\\MIJERCA\\mijerca-event-api/templates/bundles/DoctrineBundle"},{"@type":"Symfony\\Component\\Config\\Resource\\FileExistenceResource","exists":false,"resource":"C:\\Users\\admin\\Documents\\web\\basic\\MIJERCA\\mijerca-event-api/templates/bundles/DoctrineMigrationsBundle"},{"@type":"Symfony\\Component\\Config\\Resource\\FileExistenceResource","exists":false,"resource":"C:\\Users\\admin\\Documents\\web\\basic\\MIJERCA\\mijerca-event-api/templates/bundles/NelmioCorsBundle"},{"@type":"Symfony\\Component\\Config\\Resource\\FileExistenceResource","exists":false,"resource":"C:\\Users\\admin\\Documents\\web\\basic\\MIJERCA\\mijerca-event-api/templates/bundles/ApiPlatformBundle"},{"@type":"Symfony\\Component\\Config\\Resource\\FileExistenceResource","exists":false,"resource":"C:\\Users\\admin\\Documents\\web\\basic\\MIJERCA\\mijerca-event-api/templates/bundles/LexikJWTAuthenticationBundle"},{"@type":"Symfony\\Component\\Config\\Resource\\FileExistenceResource","exists":true,"resource":"C:\\Users\\admin\\Documents\\web\\basic\\MIJERCA\\mijerca-event-api/templates"},{"@type":"Symfony\\Component\\Config\\Resource\\DirectoryResource","resource":"C:\\Users\\admin\\Documents\\web\\basic\\MIJERCA\\mijerca-event-api\\src\\ApiResource","pattern":"/\\.(xml|ya?ml|php)$/"},{"@type":"Symfony\\Component\\Config\\Resource\\DirectoryResource","resource":"C:\\Users\\admin\\Documents\\web\\basic\\MIJERCA\\mijerca-event-api\\src\\Entity","pattern":"/\\.(xml|ya?ml|php)$/"},{"@type":"Symfony\\Component\\Config\\Resource\\ClassExistenceResource","resource":"App\\DataFixtures\\AppFixtures","exists":[false,null]},{"@type":"Symfony\\Component\\Config\\Resource\\ClassExistenceResource","resource":"App\\DataFixtures\\DoyenneFixtures","exists":[false,null]},{"@type":"Symfony\\Component\\Config\\Resource\\ClassExistenceResource","resource":"App\\DataFixtures\\ParoisseFixtures","exists":[false,null]},{"@type":"Symfony\\Component\\Config\\Resource\\ClassExistenceResource","resource":"App\\DataFixtures\\PersonFixtures","exists":[false,null]},{"@type":"Symfony\\Component\\Config\\Resource\\ClassExistenceResource","resource":"App\\DataFixtures\\SectorFixtures","exists":[false,null]},{"@type":"Symfony\\Component\\Config\\Resource\\ClassExistenceResource","resource":"App\\DataFixtures\\UserFixtures","exists":[false,null]},{"@type":"Symfony\\Component\\Config\\Resource\\ClassExistenceResource","resource":"Jose\\Component\\Signature\\Algorithm\\ES256","exists":[false,null]},{"@type":"Symfony\\Component\\Config\\Resource\\ClassExistenceResource","resource":"Jose\\Component\\Signature\\Algorithm\\ES384","exists":[false,null]},{"@type":"Symfony\\Component\\Config\\Resource\\ClassExistenceResource","resource":"Jose\\Component\\Signature\\Algorithm\\ES512","exists":[false,null]},{"@type":"Symfony\\Component\\Config\\Resource\\ClassExistenceResource","resource":"Jose\\Component\\Signature\\Algorithm\\RS256","exists":[false,null]},{"@type":"Symfony\\Component\\Config\\Resource\\ClassExistenceResource","resource":"Jose\\Component\\Signature\\Algorithm\\RS384","exists":[false,null]},{"@type":"Symfony\\Component\\Config\\Resource\\ClassExistenceResource","resource":"Jose\\Component\\Signature\\Algorithm\\RS512","exists":[false,null]},{"@type":"Symfony\\Component\\Config\\Resource\\ClassExistenceResource","resource":"Jose\\Component\\Signature\\Algorithm\\PS256","exists":[false,null]},{"@type":"Symfony\\Component\\Config\\Resource\\ClassExistenceResource","resource":"Jose\\Component\\Signature\\Algorithm\\PS384","exists":[false,null]},{"@type":"Symfony\\Component\\Config\\Resource\\ClassExistenceResource","resource":"Jose\\Component\\Signature\\Algorithm\\PS512","exists":[false,null]},{"@type":"Symfony\\Component\\Config\\Resource\\ClassExistenceResource","resource":"Jose\\Component\\Encryption\\Algorithm\\KeyEncryption\\RSAOAEP","exists":[false,null]},{"@type":"Symfony\\Component\\Config\\Resource\\ClassExistenceResource","resource":"Jose\\Component\\Encryption\\Algorithm\\KeyEncryption\\ECDHES","exists":[false,null]},{"@type":"Symfony\\Component\\Config\\Resource\\ClassExistenceResource","resource":"Jose\\Component\\Encryption\\Algorithm\\KeyEncryption\\ECDHSS","exists":[false,null]},{"@type":"Symfony\\Component\\Config\\Resource\\ClassExistenceResource","resource":"Jose\\Component\\Encryption\\Algorithm\\ContentEncryption\\A128CBCHS256","exists":[false,null]},{"@type":"Symfony\\Component\\Config\\Resource\\ClassExistenceResource","resource":"Jose\\Component\\Encryption\\Algorithm\\ContentEncryption\\A192CBCHS384","exists":[false,null]},{"@type":"Symfony\\Component\\Config\\Resource\\ClassExistenceResource","resource":"Jose\\Component\\Encryption\\Algorithm\\ContentEncryption\\A256CBCHS512","exists":[false,null]},{"@type":"Symfony\\Component\\Config\\Resource\\ClassExistenceResource","resource":"Jose\\Component\\Encryption\\Algorithm\\ContentEncryption\\A128GCM","exists":[false,null]},{"@type":"Symfony\\Component\\Config\\Resource\\ClassExistenceResource","resource":"Jose\\Component\\Encryption\\Algorithm\\ContentEncryption\\A192GCM","exists":[false,null]},{"@type":"Symfony\\Component\\Config\\Resource\\ClassExistenceResource","resource":"Jose\\Component\\Encryption\\Algorithm\\ContentEncryption\\A256GCM","exists":[false,null]}]}